<?xml version="1.0" encoding="UTF-8"?>
<project-private xmlns="http://www.netbeans.org/ns/project-private/1">
    <editor-bookmarks xmlns="http://www.netbeans.org/ns/editor-bookmarks/2" lastBookmarkId="0"/>
    <open-files xmlns="http://www.netbeans.org/ns/projectui-open-files/2">
        <group>
            <file>file:/C:/Users/2020/Documents/NetBeansProjects/Library-Assistant-master/src/library/assistant/alert/AlertMaker.java</file>
            <file>file:/C:/Users/2020/Documents/NetBeansProjects/Library-Assistant-master/src/library/assistant/data/wrapper/Member.java</file>
            <file>file:/C:/Users/2020/Documents/NetBeansProjects/Library-Assistant-master/src/library/assistant/ui/addbook/BookAddController.java</file>
            <file>file:/C:/Users/2020/Documents/NetBeansProjects/Library-Assistant-master/src/library/assistant/ui/listmember/MemberListController.java</file>
            <file>file:/C:/Users/2020/Documents/NetBeansProjects/Library-Assistant-master/src/library/assistant/ui/addmember/MemberAddController.java</file>
            <file>file:/C:/Users/2020/Documents/NetBeansProjects/Library-Assistant-master/src/library/assistant/database/DatabaseHandler.java</file>
            <file>file:/C:/Users/2020/Documents/NetBeansProjects/Library-Assistant-master/src/library/assistant/database/DataHelper.java</file>
            <file>file:/C:/Users/2020/Documents/NetBeansProjects/Library-Assistant-master/src/library/assistant/ui/addmember/MemberAddLoader.java</file>
        </group>
    </open-files>
</project-private>
